Ã¯country,index,week,closingprice,index1,baseyear,week1,rel_closingprice
Netherlands,AEX,10/01/2020,750.96997,AEX,1,10/01/2020,1
Netherlands,AEX,17/01/2020,759.01001,AEX,,17/01/2020,1.0107062
Netherlands,AEX,24/01/2020,744.17999,AEX,,24/01/2020,.98046136
Netherlands,AEX,31/01/2020,712.98999,AEX,,31/01/2020,.9580881
Netherlands,AEX,07/02/2020,749.95001,AEX,,07/02/2020,1.051838
Netherlands,AEX,14/02/2020,750.12,AEX,,14/02/2020,1.0002266
Netherlands,AEX,21/02/2020,743.59998,AEX,,21/02/2020,.99130803
Netherlands,AEX,28/02/2020,669.40002,AEX,,28/02/2020,.90021521
Netherlands,AEX,06/03/2020,660.95001,AEX,,06/03/2020,.98737675
Netherlands,AEX,13/03/2020,563.89001,AEX,,13/03/2020,.85315078
Netherlands,AEX,20/03/2020,562.89001,AEX,,20/03/2020,.99822658
Netherlands,AEX,27/03/2020,590.62,AEX,,27/03/2020,1.0492636
Netherlands,AEX,03/04/2020,583.90997,AEX,,03/04/2020,.988639
Netherlands,AEX,10/04/2020,627.15997,AEX,,10/04/2020,1.0740696
Netherlands,AEX,17/04/2020,621.67999,AEX,,17/04/2020,.99126226
Netherlands,AEX,24/04/2020,623.83002,AEX,,24/04/2020,1.0034584
Netherlands,AEX,01/05/2020,640.90002,AEX,,01/05/2020,1.0273632
Netherlands,AEX,08/05/2020,647.71997,AEX,,08/05/2020,1.0106412
Netherlands,AEX,15/05/2020,643.08002,AEX,,15/05/2020,.99283648
Netherlands,AEX,22/05/2020,672.59003,AEX,,22/05/2020,1.0458885
Netherlands,AEX,29/05/2020,684.98999,AEX,,29/05/2020,1.0184362
Netherlands,AEX,05/06/2020,726.17999,AEX,,05/06/2020,1.0601323
Australia,ASX,10/01/2020,43.419998,ASX,1,10/01/2020,1
Australia,ASX,17/01/2020,44.450001,ASX,,17/01/2020,1.0237218
Australia,ASX,24/01/2020,44.619999,ASX,,24/01/2020,1.0038245
Australia,ASX,31/01/2020,43.43,ASX,,31/01/2020,.97333038
Australia,ASX,07/02/2020,44.240002,ASX,,07/02/2020,1.0186508
Australia,ASX,14/02/2020,42.32,ASX,,14/02/2020,.95660031
Australia,ASX,21/02/2020,41.57,ASX,,21/02/2020,.98227787
Australia,ASX,28/02/2020,37.639999,ASX,,28/02/2020,.90546066
Australia,ASX,06/03/2020,37.82,ASX,,06/03/2020,1.0047822
Australia,ASX,13/03/2020,35.740002,ASX,,13/03/2020,.94500268
Australia,ASX,20/03/2020,35.93,ASX,,20/03/2020,1.0053161
Australia,ASX,27/03/2020,35.900002,ASX,,27/03/2020,.99916506
Australia,ASX,03/04/2020,37.98,ASX,,03/04/2020,1.0579387
Australia,ASX,10/04/2020,40.560001,ASX,,10/04/2020,1.0679306
Australia,ASX,17/04/2020,42.259998,ASX,,17/04/2020,1.0419132
Australia,ASX,24/04/2020,42.07,ASX,,24/04/2020,.99550408
Australia,ASX,01/05/2020,40.950001,ASX,,01/05/2020,.9733777
Australia,ASX,08/05/2020,43.310001,ASX,,08/05/2020,1.0576313
Australia,ASX,15/05/2020,43.650002,ASX,,15/05/2020,1.0078504
Australia,ASX,22/05/2020,45.189999,ASX,,22/05/2020,1.0352806
Australia,ASX,29/05/2020,47.619999,ASX,,29/05/2020,1.0537729
Australia,ASX,05/06/2020,47.889999,ASX,,05/06/2020,1.00567
Austria,ATX,10/01/2020,2741.3899,ATX,1,10/01/2020,1
Austria,ATX,17/01/2020,2704.25,ATX,,17/01/2020,.98645216
Austria,ATX,24/01/2020,2651.6101,ATX,,24/01/2020,.98053437
Austria,ATX,31/01/2020,2583.77,ATX,,31/01/2020,.97441554
Austria,ATX,07/02/2020,2671.3799,ATX,,07/02/2020,1.0339078
Austria,ATX,14/02/2020,2666.8101,ATX,,14/02/2020,.99828935
Austria,ATX,21/02/2020,2633.1299,ATX,,21/02/2020,.98737061
Austria,ATX,28/02/2020,2397.1101,ATX,,28/02/2020,.91036528
Austria,ATX,06/03/2020,2262.3301,ATX,,06/03/2020,.94377393
Austria,ATX,13/03/2020,1809.9,ATX,,13/03/2020,.80001587
Austria,ATX,20/03/2020,1735.51,ATX,,20/03/2020,.95889825
Austria,ATX,27/03/2020,1786.73,ATX,,27/03/2020,1.0295129
Austria,ATX,03/04/2020,1732.22,ATX,,03/04/2020,.96949172
Austria,ATX,10/04/2020,1917.98,ATX,,10/04/2020,1.1072382
Austria,ATX,17/04/2020,1801.25,ATX,,17/04/2020,.93913913
Austria,ATX,24/04/2020,1832.17,ATX,,24/04/2020,1.0171659
Austria,ATX,01/05/2020,1956.54,ATX,,01/05/2020,1.0678812
Austria,ATX,08/05/2020,1962.77,ATX,,08/05/2020,1.0031842
Austria,ATX,15/05/2020,1903.92,ATX,,15/05/2020,.9700169
Austria,ATX,22/05/2020,1906.4,ATX,,22/05/2020,1.0013026
Austria,ATX,29/05/2020,2006.98,ATX,,29/05/2020,1.0527591
Austria,ATX,05/06/2020,2214.3799,ATX,,05/06/2020,1.1033393
Belgium,BEL20,10/01/2020,3414.52,BEL20,1,10/01/2020,1
Belgium,BEL20,17/01/2020,3415.73,BEL20,,17/01/2020,1.0003544
Belgium,BEL20,24/01/2020,3374.3899,BEL20,,24/01/2020,.98789716
Belgium,BEL20,31/01/2020,3284.1101,BEL20,,31/01/2020,.97324562
Belgium,BEL20,07/02/2020,3476.3701,BEL20,,07/02/2020,1.0585425
Belgium,BEL20,14/02/2020,3474.51,BEL20,,14/02/2020,.99946493
Belgium,BEL20,21/02/2020,3409.8799,BEL20,,21/02/2020,.98139876
Belgium,BEL20,28/02/2020,3000.1399,BEL20,,28/02/2020,.87983739
Belgium,BEL20,06/03/2020,2971.1899,BEL20,,06/03/2020,.99035048
Belgium,BEL20,13/03/2020,2472.1101,BEL20,,13/03/2020,.83202696
Belgium,BEL20,20/03/2020,2546.03,BEL20,,20/03/2020,1.0299015
Belgium,BEL20,27/03/2020,2560.3301,BEL20,,27/03/2020,1.0056167
Belgium,BEL20,03/04/2020,2518.6799,BEL20,,03/04/2020,.98373252
Belgium,BEL20,10/04/2020,2715.6499,BEL20,,10/04/2020,1.0782037
Belgium,BEL20,17/04/2020,2623.8301,BEL20,,17/04/2020,.96618861
Belgium,BEL20,24/04/2020,2574.8401,BEL20,,24/04/2020,.98132885
Belgium,BEL20,01/05/2020,2722.5601,BEL20,,01/05/2020,1.0573705
Belgium,BEL20,08/05/2020,2672.3601,BEL20,,08/05/2020,.98156148
Belgium,BEL20,15/05/2020,2619.9399,BEL20,,15/05/2020,.98038429
Belgium,BEL20,22/05/2020,2654.8701,BEL20,,22/05/2020,1.0133325
Belgium,BEL20,29/05/2020,2879.6599,BEL20,,29/05/2020,1.0846708
Belgium,BEL20,05/06/2020,3154.49,BEL20,,05/06/2020,1.0954384
Brazil,BOVESPA,10/01/2020,21593.73,BOVESPA,1,10/01/2020,1
Brazil,BOVESPA,17/01/2020,21886.141,BOVESPA,,17/01/2020,1.0135415
Brazil,BOVESPA,24/01/2020,21650.52,BOVESPA,,24/01/2020,.98923421
Brazil,BOVESPA,31/01/2020,20128.08,BOVESPA,,31/01/2020,.92968118
Brazil,BOVESPA,07/02/2020,20428.25,BOVESPA,,07/02/2020,1.014913
Brazil,BOVESPA,14/02/2020,20401.891,BOVESPA,,14/02/2020,.99870968
Brazil,BOVESPA,21/02/2020,19969.551,BOVESPA,,21/02/2020,.97880882
Brazil,BOVESPA,28/02/2020,18164.881,BOVESPA,,28/02/2020,.90962893
Brazil,BOVESPA,06/03/2020,16233.46,BOVESPA,,06/03/2020,.89367282
Brazil,BOVESPA,13/03/2020,13863.61,BOVESPA,,13/03/2020,.85401452
Brazil,BOVESPA,20/03/2020,11380.21,BOVESPA,,20/03/2020,.82086915
Brazil,BOVESPA,27/03/2020,11559.67,BOVESPA,,27/03/2020,1.0157695
Brazil,BOVESPA,03/04/2020,10600.49,BOVESPA,,03/04/2020,.9170236
Brazil,BOVESPA,10/04/2020,12217.22,BOVESPA,,10/04/2020,1.1525146
Brazil,BOVESPA,17/04/2020,12069.01,BOVESPA,,17/04/2020,.98786879
Brazil,BOVESPA,24/04/2020,10895.3,BOVESPA,,24/04/2020,.90275007
Brazil,BOVESPA,01/05/2020,11738.78,BOVESPA,,01/05/2020,1.0774169
Brazil,BOVESPA,08/05/2020,11286.36,BOVESPA,,08/05/2020,.9614594
Brazil,BOVESPA,15/05/2020,10942.88,BOVESPA,,15/05/2020,.96956676
Brazil,BOVESPA,22/05/2020,12207.63,BOVESPA,,22/05/2020,1.1155775
Brazil,BOVESPA,29/05/2020,13269.19,BOVESPA,,29/05/2020,1.0869588
Brazil,BOVESPA,05/06/2020,15072.08,BOVESPA,,05/06/2020,1.1358703
India,BSE,10/01/2020,5.5599999,BSE,1,10/01/2020,1
India,BSE,17/01/2020,5.9099998,BSE,,17/01/2020,1.0629497
India,BSE,24/01/2020,5.8600001,BSE,,24/01/2020,.99153984
India,BSE,31/01/2020,5.6500001,BSE,,31/01/2020,.96416384
India,BSE,07/02/2020,6.2199998,BSE,,07/02/2020,1.1008849
India,BSE,14/02/2020,5.6100001,BSE,,14/02/2020,.90192932
India,BSE,21/02/2020,5.5300002,BSE,,21/02/2020,.98573977
India,BSE,28/02/2020,4.8699999,BSE,,28/02/2020,.88065094
India,BSE,06/03/2020,4.3000002,BSE,,06/03/2020,.88295692
India,BSE,13/03/2020,4.0599999,BSE,,13/03/2020,.94418597
India,BSE,20/03/2020,3.5699999,BSE,,20/03/2020,.87931037
India,BSE,27/03/2020,3.2,BSE,,27/03/2020,.89635855
India,BSE,03/04/2020,3.1800001,BSE,,03/04/2020,.99375004
India,BSE,10/04/2020,3.5,BSE,,10/04/2020,1.1006289
India,BSE,17/04/2020,4.04,BSE,,17/04/2020,1.1542857
India,BSE,24/04/2020,3.8099999,BSE,,24/04/2020,.94306928
India,BSE,01/05/2020,4.1300001,BSE,,01/05/2020,1.0839895
India,BSE,08/05/2020,4.0999999,BSE,,08/05/2020,.99273604
India,BSE,15/05/2020,4.6500001,BSE,,15/05/2020,1.1341463
India,BSE,22/05/2020,4.29,BSE,,22/05/2020,.9225806
India,BSE,29/05/2020,4.0500002,BSE,,29/05/2020,.94405597
India,BSE,05/06/2020,4.27,BSE,,05/06/2020,1.0543209
France,CAC40,10/01/2020,5140.75,CAC40,1,10/01/2020,1
France,CAC40,17/01/2020,5200.2402,CAC40,,17/01/2020,1.0115722
France,CAC40,24/01/2020,5078.4399,CAC40,,24/01/2020,.97657794
France,CAC40,31/01/2020,4879.8701,CAC40,,31/01/2020,.96089947
France,CAC40,07/02/2020,5118.5898,CAC40,,07/02/2020,1.0489193
France,CAC40,14/02/2020,5038.4199,CAC40,,14/02/2020,.98433751
France,CAC40,21/02/2020,5041.2998,CAC40,,21/02/2020,1.0005716
France,CAC40,28/02/2020,4566.4199,CAC40,,28/02/2020,.90580207
France,CAC40,06/03/2020,4445.0801,CAC40,,06/03/2020,.97342777
France,CAC40,13/03/2020,3725.5,CAC40,,13/03/2020,.83811766
France,CAC40,20/03/2020,3719.4299,CAC40,,20/03/2020,.99837065
France,CAC40,27/03/2020,3891.75,CAC40,,27/03/2020,1.0463297
France,CAC40,03/04/2020,3662.54,CAC40,,03/04/2020,.94110364
France,CAC40,10/04/2020,3957.79,CAC40,,10/04/2020,1.0806135
France,CAC40,17/04/2020,3914.77,CAC40,,17/04/2020,.98913032
France,CAC40,24/04/2020,3843.76,CAC40,,24/04/2020,.981861
France,CAC40,01/05/2020,4016.6399,CAC40,,01/05/2020,1.0449767
France,CAC40,08/05/2020,3975.04,CAC40,,08/05/2020,.9896431
France,CAC40,15/05/2020,3822.0801,CAC40,,15/05/2020,.9615199
France,CAC40,22/05/2020,3982.73,CAC40,,22/05/2020,1.042032
France,CAC40,29/05/2020,4221.5,CAC40,,29/05/2020,1.0599513
France,CAC40,05/06/2020,4631.7402,CAC40,,05/06/2020,1.0971788
Croatia,CROBEX,10/01/2020,233.25,CROBEX,1,10/01/2020,1
Croatia,CROBEX,17/01/2020,234.98,CROBEX,,17/01/2020,1.007417
Croatia,CROBEX,24/01/2020,231.72,CROBEX,,24/01/2020,.98612648
Croatia,CROBEX,31/01/2020,230.58,CROBEX,,31/01/2020,.99508029
Croatia,CROBEX,07/02/2020,230.95,CROBEX,,07/02/2020,1.0016047
Croatia,CROBEX,14/02/2020,226.5,CROBEX,,14/02/2020,.98073179
Croatia,CROBEX,21/02/2020,226.98,CROBEX,,21/02/2020,1.0021192
Croatia,CROBEX,28/02/2020,214.60001,CROBEX,,28/02/2020,.94545782
Croatia,CROBEX,06/03/2020,209.49001,CROBEX,,06/03/2020,.97618824
Croatia,CROBEX,13/03/2020,180.63,CROBEX,,13/03/2020,.86223686
Croatia,CROBEX,20/03/2020,169.95,CROBEX,,20/03/2020,.94087356
Croatia,CROBEX,27/03/2020,171.47,CROBEX,,27/03/2020,1.0089438
Croatia,CROBEX,03/04/2020,174.07001,CROBEX,,03/04/2020,1.0151631
Croatia,CROBEX,10/04/2020,182.89,CROBEX,,10/04/2020,1.0506692
Croatia,CROBEX,17/04/2020,179.42999,CROBEX,,17/04/2020,.98108149
Croatia,CROBEX,24/04/2020,181.39,CROBEX,,24/04/2020,1.0109235
Croatia,CROBEX,01/05/2020,179.12,CROBEX,,01/05/2020,.98748553
Croatia,CROBEX,08/05/2020,178.52,CROBEX,,08/05/2020,.99665034
Croatia,CROBEX,15/05/2020,182.89,CROBEX,,15/05/2020,1.024479
Croatia,CROBEX,22/05/2020,185.44,CROBEX,,22/05/2020,1.0139428
Croatia,CROBEX,29/05/2020,193.84,CROBEX,,29/05/2020,1.0452976
Croatia,CROBEX,05/06/2020,195.35001,CROBEX,,05/06/2020,1.00779
China,CSI300,10/01/2020,460.84,CSI300,1,10/01/2020,1
China,CSI300,17/01/2020,465.67999,CSI300,,17/01/2020,1.0105026
China,CSI300,24/01/2020,441.44,CSI300,,24/01/2020,.94794708
China,CSI300,31/01/2020,,CSI300,,31/01/2020,
China,CSI300,07/02/2020,432.16,CSI300,,07/02/2020,
China,CSI300,14/02/2020,437.54999,CSI300,,14/02/2020,1.0124722
China,CSI300,21/02/2020,455.42001,CSI300,,21/02/2020,1.0408411
China,CSI300,28/02/2020,439.64001,CSI300,,28/02/2020,.96535069
China,CSI300,06/03/2020,457.73001,CSI300,,06/03/2020,1.0411474
China,CSI300,13/03/2020,453.07001,CSI300,,13/03/2020,.98981929
China,CSI300,20/03/2020,442.32001,CSI300,,20/03/2020,.976273
China,CSI300,27/03/2020,419.85999,CSI300,,27/03/2020,.94922221
China,CSI300,03/04/2020,427.13,CSI300,,03/04/2020,1.0173154
China,CSI300,10/04/2020,430.45001,CSI300,,10/04/2020,1.0077728
China,CSI300,17/04/2020,434.42001,CSI300,,17/04/2020,1.0092229
China,CSI300,24/04/2020,433.57001,CSI300,,24/04/2020,.99804336
China,CSI300,01/05/2020,443.26999,CSI300,,01/05/2020,1.0223724
China,CSI300,08/05/2020,451.66,CSI300,,08/05/2020,1.0189276
China,CSI300,15/05/2020,455.22,CSI300,,15/05/2020,1.007882
China,CSI300,22/05/2020,441.10999,CSI300,,22/05/2020,.96900398
China,CSI300,29/05/2020,439.07999,CSI300,,29/05/2020,.99539798
China,CSI300,05/06/2020,446.25,CSI300,,05/06/2020,1.0163296
Germany,DAX30,10/01/2020,11481.39,DAX30,1,10/01/2020,1
Germany,DAX30,17/01/2020,11529.64,DAX30,,17/01/2020,1.0042025
Germany,DAX30,24/01/2020,11445.12,DAX30,,24/01/2020,.99266934
Germany,DAX30,31/01/2020,10910.55,DAX30,,31/01/2020,.95329273
Germany,DAX30,07/02/2020,11471.72,DAX30,,07/02/2020,1.0514337
Germany,DAX30,14/02/2020,11409.65,DAX30,,14/02/2020,.99458939
Germany,DAX30,21/02/2020,11353.34,DAX30,,21/02/2020,.99506468
Germany,DAX30,28/02/2020,10225.49,DAX30,,28/02/2020,.9006592
Germany,DAX30,06/03/2020,9983.1699,DAX30,,06/03/2020,.97630233
Germany,DAX30,13/03/2020,8351.4199,DAX30,,13/03/2020,.83654994
Germany,DAX30,20/03/2020,8202.5801,DAX30,,20/03/2020,.98217791
Germany,DAX30,27/03/2020,8614.8301,DAX30,,27/03/2020,1.0502585
Germany,DAX30,03/04/2020,8397.5898,DAX30,,03/04/2020,.974783
Germany,DAX30,10/04/2020,9277.6602,DAX30,,10/04/2020,1.1048003
Germany,DAX30,17/04/2020,9245.9297,DAX30,,17/04/2020,.99657989
Germany,DAX30,24/04/2020,9043.1396,DAX30,,24/04/2020,.9780671
Germany,DAX30,01/05/2020,9541.9004,DAX30,,01/05/2020,1.0551535
Germany,DAX30,08/05/2020,9527.2803,DAX30,,08/05/2020,.9984678
Germany,DAX30,15/05/2020,9350.6797,DAX30,,15/05/2020,.98146367
Germany,DAX30,22/05/2020,9923.1904,DAX30,,22/05/2020,1.0612266
Germany,DAX30,29/05/2020,10417.31,DAX30,,29/05/2020,1.0497944
Germany,DAX30,05/06/2020,11448.54,DAX30,,05/06/2020,1.098992
Malaysia,FTSE_BURSA,10/01/2020,299.06,FTSE_BURSA,1,10/01/2020,1
Malaysia,FTSE_BURSA,17/01/2020,302.91,FTSE_BURSA,,17/01/2020,1.0128736
Malaysia,FTSE_BURSA,24/01/2020,295.92999,FTSE_BURSA,,24/01/2020,.97695684
Malaysia,FTSE_BURSA,31/01/2020,283.26999,FTSE_BURSA,,31/01/2020,.9572196
Malaysia,FTSE_BURSA,07/02/2020,291.23999,FTSE_BURSA,,07/02/2020,1.0281357
Malaysia,FTSE_BURSA,14/02/2020,285.92001,FTSE_BURSA,,14/02/2020,.98173338
Malaysia,FTSE_BURSA,21/02/2020,281.92001,FTSE_BURSA,,21/02/2020,.98601007
Malaysia,FTSE_BURSA,28/02/2020,274.64001,FTSE_BURSA,,28/02/2020,.97417706
Malaysia,FTSE_BURSA,06/03/2020,272.60001,FTSE_BURSA,,06/03/2020,.99257207
Malaysia,FTSE_BURSA,13/03/2020,256.12,FTSE_BURSA,,13/03/2020,.93954509
Malaysia,FTSE_BURSA,20/03/2020,252.84,FTSE_BURSA,,20/03/2020,.98719352
Malaysia,FTSE_BURSA,27/03/2020,249.31,FTSE_BURSA,,27/03/2020,.98603863
Malaysia,FTSE_BURSA,03/04/2020,249.16,FTSE_BURSA,,03/04/2020,.99939835
Malaysia,FTSE_BURSA,10/04/2020,253.24001,FTSE_BURSA,,10/04/2020,1.0163751
Malaysia,FTSE_BURSA,17/04/2020,257.95001,FTSE_BURSA,,17/04/2020,1.018599
Malaysia,FTSE_BURSA,24/04/2020,254.23,FTSE_BURSA,,24/04/2020,.98557854
Malaysia,FTSE_BURSA,01/05/2020,262.29999,FTSE_BURSA,,01/05/2020,1.0317429
Malaysia,FTSE_BURSA,08/05/2020,257.25,FTSE_BURSA,,08/05/2020,.98074728
Malaysia,FTSE_BURSA,15/05/2020,266.60999,FTSE_BURSA,,15/05/2020,1.0363848
Malaysia,FTSE_BURSA,22/05/2020,270.85001,FTSE_BURSA,,22/05/2020,1.0159035
Malaysia,FTSE_BURSA,29/05/2020,274.67999,FTSE_BURSA,,29/05/2020,1.0141406
Malaysia,FTSE_BURSA,05/06/2020,288.17001,FTSE_BURSA,,05/06/2020,1.0491117
Italy,FTSE_MIB,10/01/2020,20454.84,FTSE_MIB,1,10/01/2020,1
Italy,FTSE_MIB,17/01/2020,20577.779,FTSE_MIB,,17/01/2020,1.0060103
Italy,FTSE_MIB,24/01/2020,20205.949,FTSE_MIB,,24/01/2020,.98193049
Italy,FTSE_MIB,31/01/2020,19529.289,FTSE_MIB,,31/01/2020,.96651185
Italy,FTSE_MIB,07/02/2020,20779.369,FTSE_MIB,,07/02/2020,1.0640105
Italy,FTSE_MIB,14/02/2020,20643.15,FTSE_MIB,,14/02/2020,.9934445
Italy,FTSE_MIB,21/02/2020,20712.211,FTSE_MIB,,21/02/2020,1.0033455
Italy,FTSE_MIB,28/02/2020,18906.039,FTSE_MIB,,28/02/2020,.91279674
Italy,FTSE_MIB,06/03/2020,17990.91,FTSE_MIB,,06/03/2020,.95159596
Italy,FTSE_MIB,13/03/2020,14432.39,FTSE_MIB,,13/03/2020,.80220455
Italy,FTSE_MIB,20/03/2020,14452.07,FTSE_MIB,,20/03/2020,1.0013636
Italy,FTSE_MIB,27/03/2020,15045.26,FTSE_MIB,,27/03/2020,1.0410453
Italy,FTSE_MIB,03/04/2020,14443.88,FTSE_MIB,,03/04/2020,.96002859
Italy,FTSE_MIB,10/04/2020,15474.82,FTSE_MIB,,10/04/2020,1.0713756
Italy,FTSE_MIB,17/04/2020,14840.67,FTSE_MIB,,17/04/2020,.9590205
Italy,FTSE_MIB,24/04/2020,14750,FTSE_MIB,,24/04/2020,.99389046
Italy,FTSE_MIB,01/05/2020,15541.01,FTSE_MIB,,01/05/2020,1.0536277
Italy,FTSE_MIB,08/05/2020,15236.77,FTSE_MIB,,08/05/2020,.98042339
Italy,FTSE_MIB,15/05/2020,15057.65,FTSE_MIB,,15/05/2020,.9882443
Italy,FTSE_MIB,22/05/2020,15516.96,FTSE_MIB,,22/05/2020,1.0305034
Italy,FTSE_MIB,29/05/2020,16360.76,FTSE_MIB,,29/05/2020,1.0543792
Italy,FTSE_MIB,05/06/2020,17989.051,FTSE_MIB,,05/06/2020,1.0995241
UK,FTSE_100,10/01/2020,7587.8501,FTSE_100,1,10/01/2020,1
UK,FTSE_100,17/01/2020,7674.5601,FTSE_100,,17/01/2020,1.0114275
UK,FTSE_100,24/01/2020,7585.98,FTSE_100,,24/01/2020,.98845798
UK,FTSE_100,31/01/2020,7286.0098,FTSE_100,,31/01/2020,.96045727
UK,FTSE_100,07/02/2020,7466.7002,FTSE_100,,07/02/2020,1.0247996
UK,FTSE_100,14/02/2020,7409.1299,FTSE_100,,14/02/2020,.99228972
UK,FTSE_100,21/02/2020,7403.9199,FTSE_100,,21/02/2020,.99929684
UK,FTSE_100,28/02/2020,6580.6099,FTSE_100,,28/02/2020,.8888008
UK,FTSE_100,06/03/2020,6462.5498,FTSE_100,,06/03/2020,.98205942
UK,FTSE_100,13/03/2020,5366.1099,FTSE_100,,13/03/2020,.83033943
UK,FTSE_100,20/03/2020,5190.7798,FTSE_100,,20/03/2020,.9673264
UK,FTSE_100,27/03/2020,5510.3301,FTSE_100,,27/03/2020,1.0615611
UK,FTSE_100,03/04/2020,5415.5,FTSE_100,,03/04/2020,.98279047
UK,FTSE_100,10/04/2020,5842.6602,FTSE_100,,10/04/2020,1.0788773
UK,FTSE_100,17/04/2020,5786.96,FTSE_100,,17/04/2020,.99046665
UK,FTSE_100,24/04/2020,5752.23,FTSE_100,,24/04/2020,.99399859
UK,FTSE_100,01/05/2020,5763.0601,FTSE_100,,01/05/2020,1.0018828
UK,FTSE_100,08/05/2020,5935.98,FTSE_100,,08/05/2020,1.0300049
UK,FTSE_100,15/05/2020,5799.77,FTSE_100,,15/05/2020,.97705352
UK,FTSE_100,22/05/2020,5993.2798,FTSE_100,,22/05/2020,1.0333651
UK,FTSE_100,29/05/2020,6076.6001,FTSE_100,,29/05/2020,1.0139023
UK,FTSE_100,05/06/2020,6484.2998,FTSE_100,,05/06/2020,1.0670934
Spain,IBEX35,10/01/2020,8152.2002,IBEX35,1,10/01/2020,1
Spain,IBEX35,17/01/2020,8252.2998,IBEX35,,17/01/2020,1.0122788
Spain,IBEX35,24/01/2020,8060.7998,IBEX35,,24/01/2020,.97679436
Spain,IBEX35,31/01/2020,7873.1001,IBEX35,,31/01/2020,.97671449
Spain,IBEX35,07/02/2020,8328.4004,IBEX35,,07/02/2020,1.0578299
Spain,IBEX35,14/02/2020,8265.5996,IBEX35,,14/02/2020,.99245942
Spain,IBEX35,21/02/2020,8265.5996,IBEX35,,21/02/2020,1
Spain,IBEX35,28/02/2020,7501.7998,IBEX35,,28/02/2020,.90759295
Spain,IBEX35,06/03/2020,7244.5,IBEX35,,06/03/2020,.96570158
Spain,IBEX35,13/03/2020,5997.2002,IBEX35,,13/03/2020,.82782805
Spain,IBEX35,20/03/2020,5919.1001,IBEX35,,20/03/2020,.98697722
Spain,IBEX35,27/03/2020,6061.7998,IBEX35,,27/03/2020,1.0241083
Spain,IBEX35,03/04/2020,5802.1001,IBEX35,,03/04/2020,.95715797
Spain,IBEX35,10/04/2020,6209.2002,IBEX35,,10/04/2020,1.0701643
Spain,IBEX35,17/04/2020,5982.8999,IBEX35,,17/04/2020,.96355402
Spain,IBEX35,24/04/2020,5786.6001,IBEX35,,24/04/2020,.96718985
Spain,IBEX35,01/05/2020,6081.2002,IBEX35,,01/05/2020,1.0509107
Spain,IBEX35,08/05/2020,5926.3999,IBEX35,,08/05/2020,.97454447
Spain,IBEX35,15/05/2020,5785.3999,IBEX35,,15/05/2020,.97620815
Spain,IBEX35,22/05/2020,6001.6001,IBEX35,,22/05/2020,1.03737
Spain,IBEX35,29/05/2020,6380.2002,IBEX35,,29/05/2020,1.0630832
Spain,IBEX35,05/06/2020,7015.2998,IBEX35,,05/06/2020,1.0995423
Korea,KOSPI200,10/01/2020,.2,KOSPI200,1,10/01/2020,1
Korea,KOSPI200,17/01/2020,.2,KOSPI200,,17/01/2020,1
Korea,KOSPI200,24/01/2020,.2,KOSPI200,,24/01/2020,1
Korea,KOSPI200,31/01/2020,.18000001,KOSPI200,,31/01/2020,.90000004
Korea,KOSPI200,07/02/2020,.19,KOSPI200,,07/02/2020,1.0555555
Korea,KOSPI200,14/02/2020,.2,KOSPI200,,14/02/2020,1.0526316
Korea,KOSPI200,21/02/2020,.19,KOSPI200,,21/02/2020,.94999999
Korea,KOSPI200,28/02/2020,.17,KOSPI200,,28/02/2020,.89473689
Korea,KOSPI200,06/03/2020,.18000001,KOSPI200,,06/03/2020,1.0588236
Korea,KOSPI200,13/03/2020,.16,KOSPI200,,13/03/2020,.88888884
Korea,KOSPI200,20/03/2020,.15000001,KOSPI200,,20/03/2020,.93750006
Korea,KOSPI200,27/03/2020,.15000001,KOSPI200,,27/03/2020,1
Korea,KOSPI200,03/04/2020,.15000001,KOSPI200,,03/04/2020,1
Korea,KOSPI200,10/04/2020,.16,KOSPI200,,10/04/2020,1.0666666
Korea,KOSPI200,17/04/2020,.17,KOSPI200,,17/04/2020,1.0625
Korea,KOSPI200,24/04/2020,.16,KOSPI200,,24/04/2020,.94117641
Korea,KOSPI200,01/05/2020,.17,KOSPI200,,01/05/2020,1.0625
Korea,KOSPI200,08/05/2020,.17,KOSPI200,,08/05/2020,1
Korea,KOSPI200,15/05/2020,.17,KOSPI200,,15/05/2020,1
Korea,KOSPI200,22/05/2020,.17,KOSPI200,,22/05/2020,1
Korea,KOSPI200,29/05/2020,.18000001,KOSPI200,,29/05/2020,1.0588236
Korea,KOSPI200,05/06/2020,.19,KOSPI200,,05/06/2020,1.0555555
Argentina,MERVAL,10/01/2020,548.87,MERVAL,1,10/01/2020,1
Argentina,MERVAL,17/01/2020,542.48999,MERVAL,,17/01/2020,.98837608
Argentina,MERVAL,24/01/2020,508.79001,MERVAL,,24/01/2020,.93787909
Argentina,MERVAL,31/01/2020,504.14001,MERVAL,,31/01/2020,.9908607
Argentina,MERVAL,07/02/2020,526.79999,MERVAL,,07/02/2020,1.0449477
Argentina,MERVAL,14/02/2020,482.79001,MERVAL,,14/02/2020,.91645789
Argentina,MERVAL,21/02/2020,482.82999,MERVAL,,21/02/2020,1.0000829
Argentina,MERVAL,28/02/2020,439.14999,MERVAL,,28/02/2020,.90953338
Argentina,MERVAL,06/03/2020,433.42001,MERVAL,,06/03/2020,.98695213
Argentina,MERVAL,13/03/2020,368.48001,MERVAL,,13/03/2020,.85016841
Argentina,MERVAL,20/03/2020,321.87,MERVAL,,20/03/2020,.87350732
Argentina,MERVAL,27/03/2020,300.79001,MERVAL,,27/03/2020,.93450779
Argentina,MERVAL,03/04/2020,333.09,MERVAL,,03/04/2020,1.1073838
Argentina,MERVAL,10/04/2020,348.67999,MERVAL,,10/04/2020,1.0468042
Argentina,MERVAL,17/04/2020,363.38,MERVAL,,17/04/2020,1.0421591
Argentina,MERVAL,24/04/2020,356.89999,MERVAL,,24/04/2020,.98216742
Argentina,MERVAL,01/05/2020,393.17999,MERVAL,,01/05/2020,1.1016531
Argentina,MERVAL,08/05/2020,433.54001,MERVAL,,08/05/2020,1.1026503
Argentina,MERVAL,15/05/2020,481.48999,MERVAL,,15/05/2020,1.1106011
Argentina,MERVAL,22/05/2020,493.98999,MERVAL,,22/05/2020,1.025961
Argentina,MERVAL,29/05/2020,448.06,MERVAL,,29/05/2020,.90702242
Argentina,MERVAL,05/06/2020,517.70001,MERVAL,,05/06/2020,1.1554257
Czech Republic,PX_INDEX,10/01/2020,38.23,PX_INDEX,1,10/01/2020,1
Czech Republic,PX_INDEX,17/01/2020,38.419998,PX_INDEX,,17/01/2020,1.0049698
Czech Republic,PX_INDEX,24/01/2020,38.299999,PX_INDEX,,24/01/2020,.99687666
Czech Republic,PX_INDEX,31/01/2020,35.75,PX_INDEX,,31/01/2020,.93342036
Czech Republic,PX_INDEX,07/02/2020,37.689999,PX_INDEX,,07/02/2020,1.0542657
Czech Republic,PX_INDEX,14/02/2020,36.860001,PX_INDEX,,14/02/2020,.97797829
Czech Republic,PX_INDEX,21/02/2020,36.380001,PX_INDEX,,21/02/2020,.98697776
Czech Republic,PX_INDEX,28/02/2020,33.02,PX_INDEX,,28/02/2020,.90764153
Czech Republic,PX_INDEX,06/03/2020,32.82,PX_INDEX,,06/03/2020,.99394304
Czech Republic,PX_INDEX,13/03/2020,28.450001,PX_INDEX,,13/03/2020,.86684954
Czech Republic,PX_INDEX,20/03/2020,24.84,PX_INDEX,,20/03/2020,.87311071
Czech Republic,PX_INDEX,27/03/2020,25.559999,PX_INDEX,,27/03/2020,1.0289855
Czech Republic,PX_INDEX,03/04/2020,24.58,PX_INDEX,,03/04/2020,.96165884
Czech Republic,PX_INDEX,10/04/2020,27.290001,PX_INDEX,,10/04/2020,1.1102523
Czech Republic,PX_INDEX,17/04/2020,27.24,PX_INDEX,,17/04/2020,.99816781
Czech Republic,PX_INDEX,24/04/2020,27.459999,PX_INDEX,,24/04/2020,1.0080763
Czech Republic,PX_INDEX,01/05/2020,28.190001,PX_INDEX,,01/05/2020,1.0265841
Czech Republic,PX_INDEX,08/05/2020,28.299999,PX_INDEX,,08/05/2020,1.0039021
Czech Republic,PX_INDEX,15/05/2020,28,PX_INDEX,,15/05/2020,.98939931
Czech Republic,PX_INDEX,22/05/2020,28.83,PX_INDEX,,22/05/2020,1.0296428
Czech Republic,PX_INDEX,29/05/2020,29.940001,PX_INDEX,,29/05/2020,1.0385016
Czech Republic,PX_INDEX,05/06/2020,32.130001,PX_INDEX,,05/06/2020,1.0731463
Switzerland,SMI,10/01/2020,8379.4102,SMI,1,10/01/2020,1
Switzerland,SMI,17/01/2020,8610.29,SMI,,17/01/2020,1.0275532
Switzerland,SMI,24/01/2020,8545.2695,SMI,,24/01/2020,.99244851
Switzerland,SMI,31/01/2020,8361.3701,SMI,,31/01/2020,.97847939
Switzerland,SMI,07/02/2020,8728.9805,SMI,,07/02/2020,1.0439653
Switzerland,SMI,14/02/2020,8686.8203,SMI,,14/02/2020,.99517012
Switzerland,SMI,21/02/2020,8759.9102,SMI,,21/02/2020,1.0084139
Switzerland,SMI,28/02/2020,7944.1602,SMI,,28/02/2020,.90687692
Switzerland,SMI,06/03/2020,7962.96,SMI,,06/03/2020,1.0023665
Switzerland,SMI,13/03/2020,7177.98,SMI,,13/03/2020,.90142107
Switzerland,SMI,20/03/2020,7509.5298,SMI,,20/03/2020,1.0461899
Switzerland,SMI,27/03/2020,7593.1001,SMI,,27/03/2020,1.0111285
Switzerland,SMI,03/04/2020,7710.6401,SMI,,03/04/2020,1.0154798
Switzerland,SMI,10/04/2020,7857.7598,SMI,,10/04/2020,1.01908
Switzerland,SMI,17/04/2020,7952.48,SMI,,17/04/2020,1.0120543
Switzerland,SMI,24/04/2020,7999.2798,SMI,,24/04/2020,1.0058849
Switzerland,SMI,01/05/2020,8013.1802,SMI,,01/05/2020,1.0017377
Switzerland,SMI,08/05/2020,8026.2402,SMI,,08/05/2020,1.0016298
Switzerland,SMI,15/05/2020,8065.3198,SMI,,15/05/2020,1.004869
Switzerland,SMI,22/05/2020,8204.0596,SMI,,22/05/2020,1.017202
Switzerland,SMI,29/05/2020,8286.0898,SMI,,29/05/2020,1.0099988
Switzerland,SMI,05/06/2020,8361.7402,SMI,,05/06/2020,1.0091298
United States,SP500,10/01/2020,2522.25,SP500,1,10/01/2020,1
United States,SP500,17/01/2020,2466.23,SP500,,17/01/2020,.97778964
United States,SP500,24/01/2020,2429.6799,SP500,,24/01/2020,.98517978
United States,SP500,31/01/2020,2365.8999,SP500,,31/01/2020,.97374964
United States,SP500,07/02/2020,2361.4199,SP500,,07/02/2020,.99810642
United States,SP500,14/02/2020,2264.2,SP500,,14/02/2020,.95882988
United States,SP500,21/02/2020,2293.79,SP500,,21/02/2020,1.0130687
United States,SP500,28/02/2020,2299.8201,SP500,,28/02/2020,1.0026288
United States,SP500,06/03/2020,2240.45,SP500,,06/03/2020,.97418487
United States,SP500,13/03/2020,2029.89,SP500,,13/03/2020,.90601891
United States,SP500,20/03/2020,2040.37,SP500,,20/03/2020,1.0051628
United States,SP500,27/03/2020,1980,SP500,,27/03/2020,.97041225
United States,SP500,03/04/2020,2208.3999,SP500,,03/04/2020,1.1153535
United States,SP500,10/04/2020,2278.2,SP500,,10/04/2020,1.0316067
United States,SP500,17/04/2020,2304.3799,SP500,,17/04/2020,1.0114915
United States,SP500,24/04/2020,2573.6399,SP500,,24/04/2020,1.116847
United States,SP500,01/05/2020,2590.96,SP500,,01/05/2020,1.0067298
United States,SP500,08/05/2020,2581.4399,SP500,,08/05/2020,.99632567
United States,SP500,15/05/2020,2443.75,SP500,,15/05/2020,.94666159
United States,SP500,22/05/2020,2520.24,SP500,,22/05/2020,1.0313003
United States,SP500,29/05/2020,2559.6799,SP500,,29/05/2020,1.0156493
United States,SP500,05/06/2020,2500.47,SP500,,05/06/2020,.97686821
Israel,TA125,10/01/2020,358.76001,TA125,1,10/01/2020,1
Israel,TA125,17/01/2020,368.82999,TA125,,17/01/2020,1.0280688
Israel,TA125,24/01/2020,371.89999,TA125,,24/01/2020,1.0083237
Israel,TA125,31/01/2020,359.19,TA125,,31/01/2020,.96582419
Israel,TA125,07/02/2020,376.85999,TA125,,07/02/2020,1.049194
Israel,TA125,14/02/2020,372.48001,TA125,,14/02/2020,.98837769
Israel,TA125,21/02/2020,376.38,TA125,,21/02/2020,1.0104704
Israel,TA125,28/02/2020,347.20001,TA125,,28/02/2020,.922472
Israel,TA125,06/03/2020,325.59,TA125,,06/03/2020,.93775916
Israel,TA125,13/03/2020,265.57999,TA125,,13/03/2020,.81568843
Israel,TA125,20/03/2020,276.84,TA125,,20/03/2020,1.0423979
Israel,TA125,27/03/2020,277.34,TA125,,27/03/2020,1.0018061
Israel,TA125,03/04/2020,276.95999,TA125,,03/04/2020,.99862981
Israel,TA125,10/04/2020,294.82999,TA125,,10/04/2020,1.0645219
Israel,TA125,17/04/2020,290,TA125,,17/04/2020,.98361772
Israel,TA125,24/04/2020,308.13,TA125,,24/04/2020,1.0625173
Israel,TA125,01/05/2020,321.09,TA125,,01/05/2020,1.0420601
Israel,TA125,08/05/2020,324.12,TA125,,08/05/2020,1.0094366
Israel,TA125,15/05/2020,311,TA125,,15/05/2020,.95952117
Israel,TA125,22/05/2020,327.54999,TA125,,22/05/2020,1.0532154
Israel,TA125,29/05/2020,326.85999,TA125,,29/05/2020,.99789345
Israel,TA125,05/06/2020,321.64001,TA125,,05/06/2020,.98402995
Taiwan,TAIEX,10/01/2020,307.34,TAIEX,1,10/01/2020,1
Taiwan,TAIEX,17/01/2020,310.35999,TAIEX,,17/01/2020,1.0098262
Taiwan,TAIEX,24/01/2020,308.51001,TAIEX,,24/01/2020,.99403924
Taiwan,TAIEX,31/01/2020,286.98999,TAIEX,,31/01/2020,.93024534
Taiwan,TAIEX,07/02/2020,298.60001,TAIEX,,07/02/2020,1.0404544
Taiwan,TAIEX,14/02/2020,301.66,TAIEX,,14/02/2020,1.0102478
Taiwan,TAIEX,21/02/2020,296.56,TAIEX,,21/02/2020,.9830935
Taiwan,TAIEX,28/02/2020,292.42001,TAIEX,,28/02/2020,.98604
Taiwan,TAIEX,06/03/2020,290.22,TAIEX,,06/03/2020,.99247652
Taiwan,TAIEX,13/03/2020,273.79999,TAIEX,,13/03/2020,.9434222
Taiwan,TAIEX,20/03/2020,262.10001,TAIEX,,20/03/2020,.95726812
Taiwan,TAIEX,27/03/2020,258,TAIEX,,27/03/2020,.98435712
Taiwan,TAIEX,03/04/2020,260.70001,TAIEX,,03/04/2020,1.0104651
Taiwan,TAIEX,10/04/2020,271.59,TAIEX,,10/04/2020,1.0417721
Taiwan,TAIEX,17/04/2020,282.28,TAIEX,,17/04/2020,1.0393608
Taiwan,TAIEX,24/04/2020,278.14999,TAIEX,,24/04/2020,.98536915
Taiwan,TAIEX,01/05/2020,294.13,TAIEX,,01/05/2020,1.057451
Taiwan,TAIEX,08/05/2020,294.41,TAIEX,,08/05/2020,1.000952
Taiwan,TAIEX,15/05/2020,298.29001,TAIEX,,15/05/2020,1.0131789
Taiwan,TAIEX,22/05/2020,295.57999,TAIEX,,22/05/2020,.99091482
Taiwan,TAIEX,29/05/2020,296.03,TAIEX,,29/05/2020,1.0015224
Taiwan,TAIEX,05/06/2020,305.48999,TAIEX,,05/06/2020,1.0319562
Canada,TSX,10/01/2020,10113.01,TSX,1,10/01/2020,1
Canada,TSX,17/01/2020,10333.52,TSX,,17/01/2020,1.0218046
Canada,TSX,24/01/2020,10221.63,TSX,,24/01/2020,.98917216
Canada,TSX,31/01/2020,9913.8701,TSX,,31/01/2020,.96989131
Canada,TSX,07/02/2020,10289.29,TSX,,07/02/2020,1.0378681
Canada,TSX,14/02/2020,10323.82,TSX,,14/02/2020,1.003356
Canada,TSX,21/02/2020,10405.85,TSX,,21/02/2020,1.0079457
Canada,TSX,28/02/2020,9469.7402,TSX,,28/02/2020,.91004008
Canada,TSX,06/03/2020,9236.0195,TSX,,06/03/2020,.97531921
Canada,TSX,13/03/2020,8094.8501,TSX,,13/03/2020,.87644356
Canada,TSX,20/03/2020,7088.8901,TSX,,20/03/2020,.87572843
Canada,TSX,27/03/2020,7287.7598,TSX,,27/03/2020,1.0280538
Canada,TSX,03/04/2020,7431.3501,TSX,,03/04/2020,1.0197029
Canada,TSX,10/04/2020,8154.3398,TSX,,10/04/2020,1.0972892
Canada,TSX,17/04/2020,8207.4297,TSX,,17/04/2020,1.0065106
Canada,TSX,24/04/2020,8268.5498,TSX,,24/04/2020,1.0074469
Canada,TSX,01/05/2020,8303.2998,TSX,,01/05/2020,1.0042027
Canada,TSX,08/05/2020,8662.8701,TSX,,08/05/2020,1.0433046
Canada,TSX,15/05/2020,8572.5996,TSX,,15/05/2020,.98957962
Canada,TSX,22/05/2020,8761.2598,TSX,,22/05/2020,1.0220073
Canada,TSX,29/05/2020,8938.8203,TSX,,29/05/2020,1.0202665
Canada,TSX,05/06/2020,9326.5498,TSX,,05/06/2020,1.043376
Chile,S&P_CLX,10/01/2020,222.55,S&P_CLX,1,10/01/2020,1
Chile,S&P_CLX,17/01/2020,216.39,S&P_CLX,,17/01/2020,.9723208
Chile,S&P_CLX,24/01/2020,208.3,S&P_CLX,,24/01/2020,.96261382
Chile,S&P_CLX,31/01/2020,199.23,S&P_CLX,,31/01/2020,.95645702
Chile,S&P_CLX,07/02/2020,207.67,S&P_CLX,,07/02/2020,1.0423632
Chile,S&P_CLX,14/02/2020,206.13,S&P_CLX,,14/02/2020,.99258441
Chile,S&P_CLX,21/02/2020,199.00999,S&P_CLX,,21/02/2020,.96545863
Chile,S&P_CLX,28/02/2020,177.48,S&P_CLX,,28/02/2020,.89181447
Chile,S&P_CLX,06/03/2020,177.53,S&P_CLX,,06/03/2020,1.0002817
Chile,S&P_CLX,13/03/2020,157.98,S&P_CLX,,13/03/2020,.88987774
Chile,S&P_CLX,20/03/2020,128.21001,S&P_CLX,,20/03/2020,.81155849
Chile,S&P_CLX,27/03/2020,137.89999,S&P_CLX,,27/03/2020,1.075579
Chile,S&P_CLX,03/04/2020,150.08,S&P_CLX,,03/04/2020,1.0883249
Chile,S&P_CLX,10/04/2020,160.16,S&P_CLX,,10/04/2020,1.0671642
Chile,S&P_CLX,17/04/2020,159.03,S&P_CLX,,17/04/2020,.99294454
Chile,S&P_CLX,24/04/2020,152.8,S&P_CLX,,24/04/2020,.96082503
Chile,S&P_CLX,01/05/2020,167.92999,S&P_CLX,,01/05/2020,1.0990182
Chile,S&P_CLX,08/05/2020,164.32001,S&P_CLX,,08/05/2020,.97850305
Chile,S&P_CLX,15/05/2020,156.37,S&P_CLX,,15/05/2020,.95161873
Chile,S&P_CLX,22/05/2020,165.60001,S&P_CLX,,22/05/2020,1.0590267
Chile,S&P_CLX,29/05/2020,164.09,S&P_CLX,,29/05/2020,.99088156
Chile,S&P_CLX,05/06/2020,186.85001,S&P_CLX,,05/06/2020,1.1387044
Denmark,OMX,10/01/2020,1172.35,OMX,1,10/01/2020,1
Denmark,OMX,17/01/2020,1199.53,OMX,,17/01/2020,1.0231843
Denmark,OMX,24/01/2020,1221.63,OMX,,24/01/2020,1.0184239
Denmark,OMX,31/01/2020,1209.78,OMX,,31/01/2020,.99029988
Denmark,OMX,07/02/2020,1263.92,OMX,,07/02/2020,1.044752
Denmark,OMX,14/02/2020,1261.27,OMX,,14/02/2020,.99790335
Denmark,OMX,21/02/2020,1277.48,OMX,,21/02/2020,1.0128521
Denmark,OMX,28/02/2020,1159.84,OMX,,28/02/2020,.90791243
Denmark,OMX,06/03/2020,1195.7,OMX,,06/03/2020,1.030918
Denmark,OMX,13/03/2020,1019.66,OMX,,13/03/2020,.85277247
Denmark,OMX,20/03/2020,988.63,OMX,,20/03/2020,.96956831
Denmark,OMX,27/03/2020,1079.3199,OMX,,27/03/2020,1.091733
Denmark,OMX,03/04/2020,1110.97,OMX,,03/04/2020,1.0293241
Denmark,OMX,10/04/2020,1121.5601,OMX,,10/04/2020,1.0095323
Denmark,OMX,17/04/2020,1180.05,OMX,,17/04/2020,1.0521506
Denmark,OMX,24/04/2020,1196.0699,OMX,,24/04/2020,1.0135756
Denmark,OMX,01/05/2020,1201.0699,OMX,,01/05/2020,1.0041803
Denmark,OMX,08/05/2020,1203.29,OMX,,08/05/2020,1.0018485
Denmark,OMX,15/05/2020,1213.95,OMX,,15/05/2020,1.0088589
Denmark,OMX,22/05/2020,1275.03,OMX,,22/05/2020,1.0503151
Denmark,OMX,29/05/2020,1311.92,OMX,,29/05/2020,1.0289327
Denmark,OMX,05/06/2020,1320.62,OMX,,05/06/2020,1.0066315
Greece,REFINITIV_G,10/01/2020,89.849998,REFINITIV_G,1,10/01/2020,1
Greece,REFINITIV_G,17/01/2020,89.279999,REFINITIV_G,,17/01/2020,.9936561
Greece,REFINITIV_G,24/01/2020,90.830002,REFINITIV_G,,24/01/2020,1.0173612
Greece,REFINITIV_G,31/01/2020,87.260002,REFINITIV_G,,31/01/2020,.9606958
Greece,REFINITIV_G,07/02/2020,86.720001,REFINITIV_G,,07/02/2020,.99381161
Greece,REFINITIV_G,14/02/2020,86.779999,REFINITIV_G,,14/02/2020,1.0006919
Greece,REFINITIV_G,21/02/2020,84.099998,REFINITIV_G,,21/02/2020,.96911728
Greece,REFINITIV_G,28/02/2020,68.82,REFINITIV_G,,28/02/2020,.81831157
Greece,REFINITIV_G,06/03/2020,65.529999,REFINITIV_G,,06/03/2020,.95219409
Greece,REFINITIV_G,13/03/2020,53.509998,REFINITIV_G,,13/03/2020,.81657255
Greece,REFINITIV_G,20/03/2020,50.150002,REFINITIV_G,,20/03/2020,.93720806
Greece,REFINITIV_G,27/03/2020,53.029999,REFINITIV_G,,27/03/2020,1.0574276
Greece,REFINITIV_G,03/04/2020,49.740002,REFINITIV_G,,03/04/2020,.93795967
Greece,REFINITIV_G,10/04/2020,56.060001,REFINITIV_G,,10/04/2020,1.1270607
Greece,REFINITIV_G,17/04/2020,54.91,REFINITIV_G,,17/04/2020,.97948623
Greece,REFINITIV_G,24/04/2020,54.169998,REFINITIV_G,,24/04/2020,.98652339
Greece,REFINITIV_G,01/05/2020,57.23,REFINITIV_G,,01/05/2020,1.0564889
Greece,REFINITIV_G,08/05/2020,54.130001,REFINITIV_G,,08/05/2020,.94583261
Greece,REFINITIV_G,15/05/2020,53.450001,REFINITIV_G,,15/05/2020,.98743767
Greece,REFINITIV_G,22/05/2020,55.310001,REFINITIV_G,,22/05/2020,1.0347989
Greece,REFINITIV_G,29/05/2020,61.049999,REFINITIV_G,,29/05/2020,1.1037787
Greece,REFINITIV_G,05/06/2020,64.720001,REFINITIV_G,,05/06/2020,1.0601147
Japan,MSCI,10/01/2020,3904.75,MSCI,1,10/01/2020,1
Japan,MSCI,17/01/2020,3928.0901,MSCI,,17/01/2020,1.0059774
Japan,MSCI,24/01/2020,3878.28,MSCI,,24/01/2020,.98731953
Japan,MSCI,31/01/2020,3691.21,MSCI,,31/01/2020,.9517647
Japan,MSCI,07/02/2020,3830.3501,MSCI,,07/02/2020,1.0376951
Japan,MSCI,14/02/2020,3885,MSCI,,14/02/2020,1.0142676
Japan,MSCI,21/02/2020,3830.02,MSCI,,21/02/2020,.98584813
Japan,MSCI,28/02/2020,3558.29,MSCI,,28/02/2020,.92905259
Japan,MSCI,06/03/2020,3561.78,MSCI,,06/03/2020,1.0009809
Japan,MSCI,13/03/2020,3200.22,MSCI,,13/03/2020,.89848894
Japan,MSCI,20/03/2020,2915.8999,MSCI,,20/03/2020,.91115606
Japan,MSCI,27/03/2020,3061.8601,MSCI,,27/03/2020,1.0500567
Japan,MSCI,03/04/2020,3035.8601,MSCI,,03/04/2020,.99150842
Japan,MSCI,10/04/2020,3206.1699,MSCI,,10/04/2020,1.0560994
Japan,MSCI,17/04/2020,3313.02,MSCI,,17/04/2020,1.0333264
Japan,MSCI,24/04/2020,3230.6299,MSCI,,24/04/2020,.97513139
Japan,MSCI,01/05/2020,3330.5801,MSCI,,01/05/2020,1.0309383
Japan,MSCI,08/05/2020,3336.9199,MSCI,,08/05/2020,1.0019035
Japan,MSCI,15/05/2020,3314.1799,MSCI,,15/05/2020,.99318534
Japan,MSCI,22/05/2020,3296.4099,MSCI,,22/05/2020,.9946382
Japan,MSCI,29/05/2020,3398.02,MSCI,,29/05/2020,1.0308244
Japan,MSCI,05/06/2020,3635.78,MSCI,,05/06/2020,1.0699701
Mexico,REFINITIV_M,10/01/2020,245.67999,REFINITIV_M,1,10/01/2020,1
Mexico,REFINITIV_M,17/01/2020,251.58,REFINITIV_M,,17/01/2020,1.0240151
Mexico,REFINITIV_M,24/01/2020,248.71001,REFINITIV_M,,24/01/2020,.98859209
Mexico,REFINITIV_M,31/01/2020,242.39,REFINITIV_M,,31/01/2020,.97458887
Mexico,REFINITIV_M,07/02/2020,246.86,REFINITIV_M,,07/02/2020,1.0184413
Mexico,REFINITIV_M,14/02/2020,253.21001,REFINITIV_M,,14/02/2020,1.0257231
Mexico,REFINITIV_M,21/02/2020,248.03999,REFINITIV_M,,21/02/2020,.97958213
Mexico,REFINITIV_M,28/02/2020,219.78999,REFINITIV_M,,28/02/2020,.88610709
Mexico,REFINITIV_M,06/03/2020,212.31,REFINITIV_M,,06/03/2020,.96596754
Mexico,REFINITIV_M,13/03/2020,181.13,REFINITIV_M,,13/03/2020,.85313928
Mexico,REFINITIV_M,20/03/2020,147.22,REFINITIV_M,,20/03/2020,.8127864
Mexico,REFINITIV_M,27/03/2020,152.25,REFINITIV_M,,27/03/2020,1.0341666
Mexico,REFINITIV_M,03/04/2020,137.84,REFINITIV_M,,03/04/2020,.90535301
Mexico,REFINITIV_M,10/04/2020,153.55,REFINITIV_M,,10/04/2020,1.1139728
Mexico,REFINITIV_M,17/04/2020,151.7,REFINITIV_M,,17/04/2020,.98795176
Mexico,REFINITIV_M,24/04/2020,143.48,REFINITIV_M,,24/04/2020,.94581407
Mexico,REFINITIV_M,01/05/2020,152.83,REFINITIV_M,,01/05/2020,1.0651659
Mexico,REFINITIV_M,08/05/2020,163.64,REFINITIV_M,,08/05/2020,1.0707321
Mexico,REFINITIV_M,15/05/2020,154.82001,REFINITIV_M,,15/05/2020,.94610125
Mexico,REFINITIV_M,22/05/2020,164.38,REFINITIV_M,,22/05/2020,1.0617491
Mexico,REFINITIV_M,29/05/2020,171.32001,REFINITIV_M,,29/05/2020,1.0422193
Mexico,REFINITIV_M,05/06/2020,187.72,REFINITIV_M,,05/06/2020,1.0957272
New Zealand,REFINITIV_NZ,10/01/2020,1457.14,REFINITIV_NZ,1,10/01/2020,1
New Zealand,REFINITIV_NZ,17/01/2020,1470.96,REFINITIV_NZ,,17/01/2020,1.0094843
New Zealand,REFINITIV_NZ,24/01/2020,1493.97,REFINITIV_NZ,,24/01/2020,1.0156429
New Zealand,REFINITIV_NZ,31/01/2020,1443.4301,REFINITIV_NZ,,31/01/2020,.96617073
New Zealand,REFINITIV_NZ,07/02/2020,1444.6801,REFINITIV_NZ,,07/02/2020,1.0008659
New Zealand,REFINITIV_NZ,14/02/2020,1458.5,REFINITIV_NZ,,14/02/2020,1.0095661
New Zealand,REFINITIV_NZ,21/02/2020,1472.73,REFINITIV_NZ,,21/02/2020,1.0097566
New Zealand,REFINITIV_NZ,28/02/2020,1347.4399,REFINITIV_NZ,,28/02/2020,.91492665
New Zealand,REFINITIV_NZ,06/03/2020,1376.22,REFINITIV_NZ,,06/03/2020,1.0213591
New Zealand,REFINITIV_NZ,13/03/2020,1143.12,REFINITIV_NZ,,13/03/2020,.83062303
New Zealand,REFINITIV_NZ,20/03/2020,1024.16,REFINITIV_NZ,,20/03/2020,.89593399
New Zealand,REFINITIV_NZ,27/03/2020,1125.1801,REFINITIV_NZ,,27/03/2020,1.098637
New Zealand,REFINITIV_NZ,03/04/2020,1133.2,REFINITIV_NZ,,03/04/2020,1.0071276
New Zealand,REFINITIV_NZ,10/04/2020,1167.97,REFINITIV_NZ,,10/04/2020,1.030683
New Zealand,REFINITIV_NZ,17/04/2020,1251.3101,REFINITIV_NZ,,17/04/2020,1.0713546
New Zealand,REFINITIV_NZ,24/04/2020,1211,REFINITIV_NZ,,24/04/2020,.96778572
New Zealand,REFINITIV_NZ,01/05/2020,1220.5601,REFINITIV_NZ,,01/05/2020,1.0078944
New Zealand,REFINITIV_NZ,08/05/2020,1263.96,REFINITIV_NZ,,08/05/2020,1.0355574
New Zealand,REFINITIV_NZ,15/05/2020,1231.6899,REFINITIV_NZ,,15/05/2020,.97446913
New Zealand,REFINITIV_NZ,22/05/2020,1265.72,REFINITIV_NZ,,22/05/2020,1.0276288
New Zealand,REFINITIV_NZ,29/05/2020,1309.02,REFINITIV_NZ,,29/05/2020,1.0342098
New Zealand,REFINITIV_NZ,05/06/2020,1396.6801,REFINITIV_NZ,,05/06/2020,1.0669662
Poland,WIG,10/01/2020,106748.86,WIG,1,10/01/2020,1
Poland,WIG,17/01/2020,105924.24,WIG,,17/01/2020,.99227518
Poland,WIG,24/01/2020,105379.82,WIG,,24/01/2020,.99486029
Poland,WIG,31/01/2020,101571.76,WIG,,31/01/2020,.96386343
Poland,WIG,07/02/2020,103747.94,WIG,,07/02/2020,1.021425
Poland,WIG,14/02/2020,103089.24,WIG,,14/02/2020,.99365103
Poland,WIG,21/02/2020,102076.16,WIG,,21/02/2020,.99017274
Poland,WIG,28/02/2020,87779.367,WIG,,28/02/2020,.85993999
Poland,WIG,06/03/2020,89785.109,WIG,,06/03/2020,1.0228498
Poland,WIG,13/03/2020,68666.617,WIG,,13/03/2020,.76478845
Poland,WIG,20/03/2020,68805.25,WIG,,20/03/2020,1.0020189
Poland,WIG,27/03/2020,71220.531,WIG,,27/03/2020,1.0351032
Poland,WIG,03/04/2020,69506.188,WIG,,03/04/2020,.97592908
Poland,WIG,10/04/2020,75262.43,WIG,,10/04/2020,1.0828162
Poland,WIG,17/04/2020,77311.844,WIG,,17/04/2020,1.0272303
Poland,WIG,24/04/2020,75987.102,WIG,,24/04/2020,.98286498
Poland,WIG,01/05/2020,78426.453,WIG,,01/05/2020,1.0321022
Poland,WIG,08/05/2020,76326.602,WIG,,08/05/2020,.97322524
Poland,WIG,15/05/2020,74675.742,WIG,,15/05/2020,.97837114
Poland,WIG,22/05/2020,79130.609,WIG,,22/05/2020,1.0596561
Poland,WIG,29/05/2020,85772.359,WIG,,29/05/2020,1.0839341
Poland,WIG,05/06/2020,92902.359,WIG,,05/06/2020,1.083127
South Africa,REFINITIV_SA,10/01/2020,385.39001,REFINITIV_SA,1,10/01/2020,1
South Africa,REFINITIV_SA,17/01/2020,384.31,REFINITIV_SA,,17/01/2020,.99719763
South Africa,REFINITIV_SA,24/01/2020,381.14999,REFINITIV_SA,,24/01/2020,.99177748
South Africa,REFINITIV_SA,31/01/2020,357.07999,REFINITIV_SA,,31/01/2020,.936849
South Africa,REFINITIV_SA,07/02/2020,366.17999,REFINITIV_SA,,07/02/2020,1.0254846
South Africa,REFINITIV_SA,14/02/2020,373.79999,REFINITIV_SA,,14/02/2020,1.0208094
South Africa,REFINITIV_SA,21/02/2020,368.31,REFINITIV_SA,,21/02/2020,.985313
South Africa,REFINITIV_SA,28/02/2020,313.66,REFINITIV_SA,,28/02/2020,.8516196
South Africa,REFINITIV_SA,06/03/2020,319.54999,REFINITIV_SA,,06/03/2020,1.0187782
South Africa,REFINITIV_SA,13/03/2020,267.45001,REFINITIV_SA,,13/03/2020,.83695829
South Africa,REFINITIV_SA,20/03/2020,215.17999,REFINITIV_SA,,20/03/2020,.80456156
South Africa,REFINITIV_SA,27/03/2020,225.53,REFINITIV_SA,,27/03/2020,1.0480993
South Africa,REFINITIV_SA,03/04/2020,214.12,REFINITIV_SA,,03/04/2020,.94940805
South Africa,REFINITIV_SA,10/04/2020,247.25,REFINITIV_SA,,10/04/2020,1.1547264
South Africa,REFINITIV_SA,17/04/2020,239.00999,REFINITIV_SA,,17/04/2020,.96667337
South Africa,REFINITIV_SA,24/04/2020,240.49001,REFINITIV_SA,,24/04/2020,1.0061922
South Africa,REFINITIV_SA,01/05/2020,246.03999,REFINITIV_SA,,01/05/2020,1.0230778
South Africa,REFINITIV_SA,08/05/2020,255.11,REFINITIV_SA,,08/05/2020,1.0368639
South Africa,REFINITIV_SA,15/05/2020,244.82001,REFINITIV_SA,,15/05/2020,.95966446
South Africa,REFINITIV_SA,22/05/2020,262.75,REFINITIV_SA,,22/05/2020,1.0732374
South Africa,REFINITIV_SA,29/05/2020,262.57001,REFINITIV_SA,,29/05/2020,.99931496
South Africa,REFINITIV_SA,05/06/2020,295.98001,REFINITIV_SA,,05/06/2020,1.1272423
Serbia,STI,10/01/2020,1499.5699,STI,1,10/01/2020,1
Serbia,STI,17/01/2020,1473.09,STI,,17/01/2020,.98234159
Serbia,STI,24/01/2020,1476.41,STI,,24/01/2020,1.0022538
Serbia,STI,31/01/2020,1505.61,STI,,31/01/2020,1.0197777
Serbia,STI,07/02/2020,1502.26,STI,,07/02/2020,.99777502
Serbia,STI,14/02/2020,1487.72,STI,,14/02/2020,.99032122
Serbia,STI,21/02/2020,1486.03,STI,,21/02/2020,.99886405
Serbia,STI,28/02/2020,1469.14,STI,,28/02/2020,.98863411
Serbia,STI,06/03/2020,1462.4,STI,,06/03/2020,.99541229
Serbia,STI,13/03/2020,1319.13,STI,,13/03/2020,.90203089
Serbia,STI,20/03/2020,1095.4,STI,,20/03/2020,.83039582
Serbia,STI,27/03/2020,1216.66,STI,,27/03/2020,1.1106993
Serbia,STI,03/04/2020,1200.4,STI,,03/04/2020,.98663551
Serbia,STI,10/04/2020,1282.99,STI,,10/04/2020,1.068802
Serbia,STI,17/04/2020,1268.13,STI,,17/04/2020,.98841769
Serbia,STI,24/04/2020,1240.9301,STI,,24/04/2020,.97855115
Serbia,STI,01/05/2020,1228.1899,STI,,01/05/2020,.9897334
Serbia,STI,08/05/2020,1230.8101,STI,,08/05/2020,1.0021334
Serbia,STI,15/05/2020,1222.7,STI,,15/05/2020,.99341077
Serbia,STI,22/05/2020,1251.55,STI,,22/05/2020,1.0235955
Serbia,STI,29/05/2020,1290.97,STI,,29/05/2020,1.0314969
Serbia,STI,05/06/2020,1302.4399,STI,,05/06/2020,1.0088848
Singapore,FTSE_SING,10/01/2020,25251.25,FTSE_SING,1,10/01/2020,1
Singapore,FTSE_SING,17/01/2020,25251.57,FTSE_SING,,17/01/2020,1.0000126
Singapore,FTSE_SING,24/01/2020,25146.73,FTSE_SING,,24/01/2020,.99584818
Singapore,FTSE_SING,31/01/2020,24254.83,FTSE_SING,,31/01/2020,.96453214
Singapore,FTSE_SING,07/02/2020,24279.99,FTSE_SING,,07/02/2020,1.0010374
Singapore,FTSE_SING,14/02/2020,24486.6,FTSE_SING,,14/02/2020,1.0085094
Singapore,FTSE_SING,21/02/2020,24208.801,FTSE_SING,,21/02/2020,.98865509
Singapore,FTSE_SING,28/02/2020,22886.75,FTSE_SING,,28/02/2020,.94538969
Singapore,FTSE_SING,06/03/2020,22549.73,FTSE_SING,,06/03/2020,.98527449
Singapore,FTSE_SING,13/03/2020,19748.75,FTSE_SING,,13/03/2020,.87578654
Singapore,FTSE_SING,20/03/2020,17938.73,FTSE_SING,,20/03/2020,.90834767
Singapore,FTSE_SING,27/03/2020,19108.801,FTSE_SING,,27/03/2020,1.065226
Singapore,FTSE_SING,03/04/2020,17900.77,FTSE_SING,,03/04/2020,.93678141
Singapore,FTSE_SING,10/04/2020,19445.43,FTSE_SING,,10/04/2020,1.0862901
Singapore,FTSE_SING,17/04/2020,19767.99,FTSE_SING,,17/04/2020,1.016588
Singapore,FTSE_SING,24/04/2020,19027.529,FTSE_SING,,24/04/2020,.96254241
Singapore,FTSE_SING,01/05/2020,19904.471,FTSE_SING,,01/05/2020,1.046088
Singapore,FTSE_SING,08/05/2020,19738.461,FTSE_SING,,08/05/2020,.9916597
Singapore,FTSE_SING,15/05/2020,19152.66,FTSE_SING,,15/05/2020,.97032183
Singapore,FTSE_SING,22/05/2020,19206.42,FTSE_SING,,22/05/2020,1.0028069
Singapore,FTSE_SING,29/05/2020,19502.24,FTSE_SING,,29/05/2020,1.0154022
Singapore,FTSE_SING,05/06/2020,21509.82,FTSE_SING,,05/06/2020,1.102941
Sweden,REFINITIV_SW,10/01/2020,230.72,REFINITIV_SW,1,10/01/2020,1
Sweden,REFINITIV_SW,17/01/2020,233.14999,REFINITIV_SW,,17/01/2020,1.0105323
Sweden,REFINITIV_SW,24/01/2020,233.03,REFINITIV_SW,,24/01/2020,.99948531
Sweden,REFINITIV_SW,31/01/2020,227.23,REFINITIV_SW,,31/01/2020,.97511047
Sweden,REFINITIV_SW,07/02/2020,236.24001,REFINITIV_SW,,07/02/2020,1.0396515
Sweden,REFINITIV_SW,14/02/2020,240.78999,REFINITIV_SW,,14/02/2020,1.01926
Sweden,REFINITIV_SW,21/02/2020,242.58,REFINITIV_SW,,21/02/2020,1.0074339
Sweden,REFINITIV_SW,28/02/2020,215.92,REFINITIV_SW,,28/02/2020,.89009809
Sweden,REFINITIV_SW,06/03/2020,214.24001,REFINITIV_SW,,06/03/2020,.99221939
Sweden,REFINITIV_SW,13/03/2020,173.57001,REFINITIV_SW,,13/03/2020,.81016618
Sweden,REFINITIV_SW,20/03/2020,159.48,REFINITIV_SW,,20/03/2020,.91882229
Sweden,REFINITIV_SW,27/03/2020,175.35001,REFINITIV_SW,,27/03/2020,1.099511
Sweden,REFINITIV_SW,03/04/2020,171.53999,REFINITIV_SW,,03/04/2020,.97827196
Sweden,REFINITIV_SW,10/04/2020,187.42999,REFINITIV_SW,,10/04/2020,1.0926315
Sweden,REFINITIV_SW,17/04/2020,190.07001,REFINITIV_SW,,17/04/2020,1.0140853
Sweden,REFINITIV_SW,24/04/2020,188.94,REFINITIV_SW,,24/04/2020,.99405479
Sweden,REFINITIV_SW,01/05/2020,199.13,REFINITIV_SW,,01/05/2020,1.0539324
Sweden,REFINITIV_SW,08/05/2020,201.13,REFINITIV_SW,,08/05/2020,1.0100437
Sweden,REFINITIV_SW,15/05/2020,191.17,REFINITIV_SW,,15/05/2020,.95047975
Sweden,REFINITIV_SW,22/05/2020,205.85001,REFINITIV_SW,,22/05/2020,1.0767903
Sweden,REFINITIV_SW,29/05/2020,221.37,REFINITIV_SW,,29/05/2020,1.0753946
Sweden,REFINITIV_SW,05/06/2020,238.75999,REFINITIV_SW,,05/06/2020,1.0785563
Turkey,REFINITIV_TUR,10/01/2020,1129.4,REFINITIV_TUR,1,10/01/2020,1
Turkey,REFINITIV_TUR,17/01/2020,1131.3101,REFINITIV_TUR,,17/01/2020,1.0016912
Turkey,REFINITIV_TUR,24/01/2020,1134.59,REFINITIV_TUR,,24/01/2020,1.0028992
Turkey,REFINITIV_TUR,31/01/2020,1105.25,REFINITIV_TUR,,31/01/2020,.97414047
Turkey,REFINITIV_TUR,07/02/2020,1135.38,REFINITIV_TUR,,07/02/2020,1.0272608
Turkey,REFINITIV_TUR,14/02/2020,1140.24,REFINITIV_TUR,,14/02/2020,1.0042804
Turkey,REFINITIV_TUR,21/02/2020,1140.87,REFINITIV_TUR,,21/02/2020,1.0005525
Turkey,REFINITIV_TUR,28/02/2020,1008.53,REFINITIV_TUR,,28/02/2020,.88400084
Turkey,REFINITIV_TUR,06/03/2020,1001.84,REFINITIV_TUR,,06/03/2020,.9933666
Turkey,REFINITIV_TUR,13/03/2020,805.47998,REFINITIV_TUR,,13/03/2020,.80400062
Turkey,REFINITIV_TUR,20/03/2020,764.34003,REFINITIV_TUR,,20/03/2020,.9489249
Turkey,REFINITIV_TUR,27/03/2020,849.59998,REFINITIV_TUR,,27/03/2020,1.1115471
Turkey,REFINITIV_TUR,03/04/2020,820.62,REFINITIV_TUR,,03/04/2020,.96588987
Turkey,REFINITIV_TUR,10/04/2020,885.46997,REFINITIV_TUR,,10/04/2020,1.0790256
Turkey,REFINITIV_TUR,17/04/2020,889.04999,REFINITIV_TUR,,17/04/2020,1.0040431
Turkey,REFINITIV_TUR,24/04/2020,874.03998,REFINITIV_TUR,,24/04/2020,.98311681
Turkey,REFINITIV_TUR,01/05/2020,906.46002,REFINITIV_TUR,,01/05/2020,1.0370922
Turkey,REFINITIV_TUR,08/05/2020,907.07001,REFINITIV_TUR,,08/05/2020,1.0006729
Turkey,REFINITIV_TUR,15/05/2020,872.60999,REFINITIV_TUR,,15/05/2020,.96200955
Turkey,REFINITIV_TUR,22/05/2020,914.52002,REFINITIV_TUR,,22/05/2020,1.0480283
Turkey,REFINITIV_TUR,29/05/2020,961.84003,REFINITIV_TUR,,29/05/2020,1.051743
Turkey,REFINITIV_TUR,05/06/2020,1041.02,REFINITIV_TUR,,05/06/2020,1.0823214
Vietnam,VI,10/01/2020,.28999999,VI,1,10/01/2020,1
Vietnam,VI,17/01/2020,.28999999,VI,,17/01/2020,1
Vietnam,VI,24/01/2020,.30000001,VI,,24/01/2020,1.0344828
Vietnam,VI,31/01/2020,.28,VI,,31/01/2020,.93333328
Vietnam,VI,07/02/2020,.28,VI,,07/02/2020,1
Vietnam,VI,14/02/2020,.28,VI,,14/02/2020,1
Vietnam,VI,21/02/2020,.28,VI,,21/02/2020,1
Vietnam,VI,28/02/2020,.27000001,VI,,28/02/2020,.96428573
Vietnam,VI,06/03/2020,.27000001,VI,,06/03/2020,1
Vietnam,VI,13/03/2020,.23,VI,,13/03/2020,.85185182
Vietnam,VI,20/03/2020,.20999999,VI,,20/03/2020,.91304344
Vietnam,VI,27/03/2020,.20999999,VI,,27/03/2020,1
Vietnam,VI,03/04/2020,.20999999,VI,,03/04/2020,1
Vietnam,VI,10/04/2020,.23,VI,,10/04/2020,1.0952382
Vietnam,VI,17/04/2020,.23999999,VI,,17/04/2020,1.0434783
Vietnam,VI,24/04/2020,.23,VI,,24/04/2020,.95833337
Vietnam,VI,01/05/2020,.23,VI,,01/05/2020,1
Vietnam,VI,08/05/2020,.25,VI,,08/05/2020,1.0869565
Vietnam,VI,15/05/2020,.25,VI,,15/05/2020,1
Vietnam,VI,22/05/2020,.25999999,VI,,22/05/2020,1.04
Vietnam,VI,29/05/2020,.25999999,VI,,29/05/2020,1
Vietnam,VI,05/06/2020,.27000001,VI,,05/06/2020,1.0384616
